cashflow_id,client_id,as_of_date,employment_income_gross,rental_income,investment_income,household_expenses,income_tax,insurance_premiums,property_expenses,property_loan_repayment,non_property_loan_repayment,cpf_contribution_total,regular_investments
695e760b-c7d3-4669-92de-43e7f71f13d1,71b73dc7-d80e-4e90-94c7-6f7e3830304d,2020-06-01,11249.23,0.0,1324.15,2813.71,1543.21,596.16,1058.89,0.0,0.0,2960.0,48.52
d4f2ff00-2607-4988-8b38-50b99be9ce0b,71b73dc7-d80e-4e90-94c7-6f7e3830304d,2020-10-31,11488.07,0.0,1361.23,2267.25,684.16,661.24,890.45,0.0,0.0,2960.0,2339.44
32dba87a-ffcc-44bb-8bd7-ed6818eeff44,71b73dc7-d80e-4e90-94c7-6f7e3830304d,2021-02-05,11825.76,0.0,914.82,3005.61,1200.5,872.55,672.38,0.0,0.0,2960.0,654.65
6b9af7c1-534f-403b-96d4-33f1f1d1ef2f,71b73dc7-d80e-4e90-94c7-6f7e3830304d,2021-07-28,11570.88,0.0,940.26,2473.83,785.61,779.68,958.92,0.0,0.0,2960.0,1541.08
8ac2df4f-01cd-4f66-a100-eeb22b08d5c8,71b73dc7-d80e-4e90-94c7-6f7e3830304d,2021-12-31,11743.22,0.0,267.11,3042.49,1044.94,822.21,981.96,0.0,0.0,2960.0,732.16
81b9c25f-8477-4087-9a43-1a020b3f453c,71b73dc7-d80e-4e90-94c7-6f7e3830304d,2022-06-18,12301.29,0.0,92.64,3308.12,1465.42,883.19,794.83,0.0,0.0,2960.0,1721.37
c8023c87-8c94-4af2-9a82-f23b6ba3bb16,71b73dc7-d80e-4e90-94c7-6f7e3830304d,2022-10-12,12032.81,0.0,803.71,3198.29,1761.22,938.11,926.36,689.75,131.42,2960.0,721.42
6a7b03ee-b381-4d43-926c-fe46a28e1c2b,71b73dc7-d80e-4e90-94c7-6f7e3830304d,2022-12-21,12410.25,0.0,1262.4,2158.94,1284.35,764.45,873.12,0.0,172.48,2960.0,745.73
807e3e2c-0d75-4279-8d0d-4240834ff743,71b73dc7-d80e-4e90-94c7-6f7e3830304d,2023-02-04,12131.67,0.0,1197.31,3138.45,1389.36,863.27,1065.92,0.0,0.0,2960.0,1469.04
e7e9a0ce-ce66-4716-9f5a-7dc943a35a2f,71b73dc7-d80e-4e90-94c7-6f7e3830304d,2023-09-27,12668.37,0.0,312.53,3620.69,1566.35,1047.11,1036.16,0.0,0.0,2960.0,2822.74
037d8341-ba86-434e-a24e-c236dbe68a42,71b73dc7-d80e-4e90-94c7-6f7e3830304d,2023-11-28,12855.61,0.0,339.85,2480.14,807.48,1038.22,537.98,162.21,0.0,2960.0,846.92
6e153cf8-d914-4ede-936a-50615a1dd0b3,71b73dc7-d80e-4e90-94c7-6f7e3830304d,2024-05-16,12907.05,0.0,712.62,3133.43,698.03,544.44,891.96,0.0,0.0,2960.0,2880.62
b15dd4a8-e82e-4e0f-b242-fa67518874c5,71b73dc7-d80e-4e90-94c7-6f7e3830304d,2024-07-29,12737.07,0.0,943.08,3501.4,1133.08,968.19,1046.74,0.0,0.0,2960.0,650.55
e39ac28b-5dd5-4d45-9c6b-1724ce013461,71b73dc7-d80e-4e90-94c7-6f7e3830304d,2024-09-24,12913.25,0.0,782.84,2908.18,1861.72,997.67,732.1,0.0,0.0,2960.0,919.14
305c790a-a971-4427-ae48-ccc014f62896,71b73dc7-d80e-4e90-94c7-6f7e3830304d,2025-01-07,13268.63,0.0,1385.74,2724.22,1659.49,710.43,641.93,0.0,0.0,2960.0,288.46
df0ba5c1-c91f-4aa0-859a-f6789abd0899,71b73dc7-d80e-4e90-94c7-6f7e3830304d,2025-09-05,13144.57,0.0,1223.97,3366.2,1321.4,590.25,646.59,0.0,0.0,2960.0,763.32
0ca0e050-7a61-47e6-9a3e-3d6e74f3bdad,71b73dc7-d80e-4e90-94c7-6f7e3830304d,2025-09-21,13494.59,0.0,654.41,2157.27,945.99,848.01,796.15,0.0,179.27,2960.0,2510.96
ad586c5f-2af0-4b1f-a1cf-5555d13d045a,3752f932-6f33-4ff3-9845-c7335d7d9ee7,2020-05-22,6623.34,0.0,908.04,2418.31,896.77,482.09,513.85,0.0,0.0,2450.64,167.14
412643d3-5596-4323-a0a2-aa923a87fded,3752f932-6f33-4ff3-9845-c7335d7d9ee7,2020-10-18,6646.49,0.0,1071.21,2955.44,797.7,627.04,843.79,788.28,0.0,2459.2,648.39
1ad2c5ca-d419-4f81-a4f9-7c91f93cb4f6,3752f932-6f33-4ff3-9845-c7335d7d9ee7,2021-03-03,6523.86,1433.56,469.23,2714.03,779.9,757.04,502.87,0.0,0.0,2413.83,373.2
33d54b7c-48b7-4986-93c7-58e657d8c8f2,3752f932-6f33-4ff3-9845-c7335d7d9ee7,2021-11-14,6674.78,0.0,305.15,2840.25,823.69,489.66,574.09,0.0,0.0,2469.67,1570.9
8c76f94d-c4de-4cfe-97a7-ce319e466fdd,3752f932-6f33-4ff3-9845-c7335d7d9ee7,2022-01-02,6775.37,0.0,386.21,2182.67,498.66,574.32,780.75,0.0,215.69,2506.89,121.02
7c30c9a9-27e7-4efb-985a-ea61a1840fe0,3752f932-6f33-4ff3-9845-c7335d7d9ee7,2022-05-09,6874.92,2386.96,739.96,2283.84,909.04,873.86,632.8,0.0,0.0,2543.72,1193.91
1b3c5bd9-5f65-44b2-a395-0ab370e5d114,3752f932-6f33-4ff3-9845-c7335d7d9ee7,2022-05-21,6783.0,0.0,1317.72,2216.56,340.67,868.62,491.31,0.0,0.0,2509.71,1266.4
90efafdb-1e65-4cf5-85f5-cf3b92f631a8,3752f932-6f33-4ff3-9845-c7335d7d9ee7,2022-12-08,6927.21,0.0,607.77,2503.24,806.03,864.53,717.39,841.92,0.0,2563.07,1327.01
6a023f3f-75a4-441d-969b-127f087708c3,3752f932-6f33-4ff3-9845-c7335d7d9ee7,2023-05-16,7157.01,0.0,393.67,2719.17,573.4,818.72,506.31,0.0,0.0,2648.09,326.46
0328a8cf-f20c-4e1d-adff-d761c92c0322,3752f932-6f33-4ff3-9845-c7335d7d9ee7,2023-12-08,7167.45,0.0,1204.86,3056.24,771.81,827.16,734.21,0.0,0.0,2651.96,413.08
6fb81e70-a68a-4de2-aecd-9259777e5e1c,3752f932-6f33-4ff3-9845-c7335d7d9ee7,2024-04-09,7289.25,0.0,90.2,2517.81,796.22,485.19,764.66,0.0,0.0,2697.02,1286.65
d017ecff-d089-4b94-add2-4dcbe7227f37,3752f932-6f33-4ff3-9845-c7335d7d9ee7,2024-04-18,7288.36,2416.41,1429.52,2829.72,924.14,669.7,690.62,0.0,180.13,2696.69,258.41
4caa7d53-c05a-44b9-b664-8ebc942d7e3e,3752f932-6f33-4ff3-9845-c7335d7d9ee7,2024-05-09,7165.56,0.0,610.87,2860.77,1042.19,624.24,551.97,0.0,0.0,2651.26,1694.06
3ca0232c-0e31-434a-9798-2fef7d137ca0,3752f932-6f33-4ff3-9845-c7335d7d9ee7,2024-10-18,7331.6,0.0,1256.67,2947.3,755.96,831.19,649.86,664.15,0.0,2712.69,823.15
6938c151-f28d-4932-aae2-5cdb96f76c92,3752f932-6f33-4ff3-9845-c7335d7d9ee7,2025-07-22,7706.06,0.0,579.05,2099.86,1069.92,673.44,515.57,260.62,0.0,2851.24,68.74
eb530495-1d77-4613-8124-05106000bf1f,3752f932-6f33-4ff3-9845-c7335d7d9ee7,2025-11-08,7661.86,0.0,874.59,2094.07,767.45,753.39,464.89,0.0,0.0,2834.89,1469.98
1d3c4043-a410-40a9-a223-2d3598cae347,90eb6701-51d5-456e-a4f8-8c8b8dcae6b1,2020-03-11,12954.98,0.0,268.78,4483.03,1703.8,1187.37,1194.39,0.0,0.0,2960.0,1166.6
7612c979-947b-4909-a578-29966e34ddc1,90eb6701-51d5-456e-a4f8-8c8b8dcae6b1,2020-07-11,12914.6,0.0,1217.18,2895.88,947.2,1039.17,1163.77,0.0,0.0,2960.0,802.65
8c704ec1-4bf4-4e6f-92e7-b99f9acbe61a,90eb6701-51d5-456e-a4f8-8c8b8dcae6b1,2020-09-17,12738.09,0.0,980.85,3238.78,1042.46,808.41,716.43,0.0,0.0,2960.0,2186.04
018cc951-6531-4778-9f67-245bcf6f8001,90eb6701-51d5-456e-a4f8-8c8b8dcae6b1,2020-09-26,13001.13,1986.53,1168.47,3977.38,845.3,1144.36,957.05,177.9,253.53,2960.0,1528.28
38de3aa0-17fe-4bc1-ba0f-efa719986cb3,90eb6701-51d5-456e-a4f8-8c8b8dcae6b1,2021-02-10,13179.92,0.0,660.04,3391.75,1750.23,1245.92,1205.61,0.0,0.0,2960.0,1413.92
227275ce-dd06-4ab8-997d-7103a3bb805b,90eb6701-51d5-456e-a4f8-8c8b8dcae6b1,2021-09-08,13418.49,0.0,191.1,4166.77,1431.49,1161.2,1047.86,0.0,158.0,2960.0,3096.96
3f87487b-2cdc-43ef-9050-9b2b2e89712e,90eb6701-51d5-456e-a4f8-8c8b8dcae6b1,2022-01-06,13252.54,0.0,5.39,3893.98,1778.55,1193.98,1326.96,0.0,0.0,2960.0,408.59
9c9f4d04-3ef7-4df3-873e-dee01f274b40,90eb6701-51d5-456e-a4f8-8c8b8dcae6b1,2022-10-16,13774.88,0.0,58.76,3023.7,1783.99,980.3,1292.32,0.0,292.73,2960.0,2202.71
6af3fc14-5482-4a8c-81a8-907f5f94f57b,90eb6701-51d5-456e-a4f8-8c8b8dcae6b1,2023-07-18,14246.43,0.0,484.36,4207.98,936.74,721.68,700.03,0.0,208.76,2960.0,3304.49
9d695570-882f-40c7-9e5c-14efa06ca1de,90eb6701-51d5-456e-a4f8-8c8b8dcae6b1,2023-11-16,14153.87,0.0,1155.25,2983.98,1859.07,945.76,937.42,0.0,0.0,2960.0,2825.24
dd12ba7e-3ead-4efb-885c-61d513966647,90eb6701-51d5-456e-a4f8-8c8b8dcae6b1,2024-05-11,14226.55,0.0,149.32,4287.23,1772.78,1076.82,1020.01,0.0,0.0,2960.0,1510.24
e1cb9438-0f57-4195-82ec-13470fb61a8e,90eb6701-51d5-456e-a4f8-8c8b8dcae6b1,2025-04-16,14762.29,1466.61,744.06,4291.11,1292.04,1051.96,1068.43,0.0,0.0,2960.0,3214.56
fee84c29-fb4b-4ae2-935a-a8582b1e0a62,90eb6701-51d5-456e-a4f8-8c8b8dcae6b1,2025-07-18,14699.71,0.0,1373.65,4716.14,894.05,761.09,1355.7,0.0,0.0,2960.0,18.23
8eb6e071-8513-401c-b764-a35e83bdca33,90eb6701-51d5-456e-a4f8-8c8b8dcae6b1,2025-09-18,15049.13,0.0,708.95,3549.3,1288.93,1054.22,1030.57,0.0,0.0,2960.0,1538.73
e6400514-845f-42cb-9743-ef66ba7ba6f7,90eb6701-51d5-456e-a4f8-8c8b8dcae6b1,2026-01-08,14838.53,0.0,806.7,4465.37,1546.47,717.25,837.66,0.0,0.0,2960.0,2992.04
d8022b02-d920-48d7-b5b4-670d7a6faa8d,42207a07-a586-4571-ad74-e9f53bcf7493,2021-02-26,5592.09,0.0,236.29,1421.33,611.92,290.89,328.98,0.0,0.0,2069.07,1176.04
22e2c476-66eb-441a-8180-d9b4784e01dd,42207a07-a586-4571-ad74-e9f53bcf7493,2021-07-26,5694.36,0.0,1494.81,1209.07,597.01,402.12,267.33,0.0,0.0,2106.91,312.61
6d1f8308-7bef-42a4-a02e-6b5ab90970db,42207a07-a586-4571-ad74-e9f53bcf7493,2021-11-04,5632.48,0.0,648.58,1312.62,810.68,410.03,261.75,0.0,0.0,2084.02,1250.42
1c52fdc5-0a55-48d6-b90e-cfb4dc92da06,42207a07-a586-4571-ad74-e9f53bcf7493,2022-04-23,5704.39,0.0,400.75,1036.33,545.71,447.76,287.66,0.0,0.0,2110.62,1400.32
00bc25a3-9859-411e-b0e6-5a927dcc9f2c,42207a07-a586-4571-ad74-e9f53bcf7493,2022-09-17,5951.03,0.0,330.76,1314.99,847.13,281.59,393.69,0.0,0.0,2201.88,1001.47
7296db82-4f54-49f5-bec9-1d92cf51dcd0,42207a07-a586-4571-ad74-e9f53bcf7493,2023-02-05,5870.88,0.0,584.14,1617.0,735.88,387.34,469.69,0.0,0.0,2172.23,451.91
1fb35696-53e0-42c2-872c-cbe67082d01c,42207a07-a586-4571-ad74-e9f53bcf7493,2023-10-15,6106.58,2100.98,218.4,1219.1,543.32,343.59,433.05,0.0,232.18,2259.43,463.58
d3933e26-6b91-4829-ad8a-72c99900a817,42207a07-a586-4571-ad74-e9f53bcf7493,2024-05-25,6042.17,1019.71,84.05,1476.3,416.53,302.9,324.66,0.0,0.0,2235.6,1178.62
d8370536-692c-4479-9566-c1546e7116e9,42207a07-a586-4571-ad74-e9f53bcf7493,2024-08-26,6207.41,0.0,1318.07,1025.22,594.76,431.54,467.89,226.31,112.52,2296.74,959.78
cb17e8f3-7be8-4552-9204-5fa703195803,42207a07-a586-4571-ad74-e9f53bcf7493,2025-01-06,6185.22,0.0,237.17,1568.1,691.44,312.66,323.87,0.0,0.0,2288.53,188.66
99c26f03-5377-44a5-a49e-bd3fd6a09c0a,42207a07-a586-4571-ad74-e9f53bcf7493,2025-01-28,6345.48,0.0,246.63,1181.18,364.03,328.16,427.77,0.0,0.0,2347.83,289.97
424ad7cf-979e-4a63-916e-2e4ae0d2b04a,42207a07-a586-4571-ad74-e9f53bcf7493,2025-09-12,6326.12,0.0,1145.16,1265.49,387.53,466.83,322.92,0.0,0.0,2340.66,265.05
457c2198-4027-4d7b-a9eb-f0f48442904b,4908f957-3b05-4ea3-84e3-d6346a6ace02,2023-10-12,3289.99,0.0,462.82,1231.86,431.84,296.23,365.06,0.0,0.0,1217.3,454.38
d7753030-595c-4333-bf3a-d9a180f09e11,4908f957-3b05-4ea3-84e3-d6346a6ace02,2023-12-03,3293.88,2728.23,638.9,986.42,351.85,239.03,201.09,0.0,0.0,1218.74,346.61
6107f54e-789b-459a-b300-3bace40be297,4908f957-3b05-4ea3-84e3-d6346a6ace02,2024-02-09,3246.77,0.0,592.08,836.21,226.98,319.71,293.27,833.98,0.0,1201.3,582.3
2a8d5cc3-e80b-42e3-b36f-3ad2766bba41,4908f957-3b05-4ea3-84e3-d6346a6ace02,2024-02-15,3229.92,0.0,1411.39,864.34,461.22,238.1,209.78,0.0,217.73,1195.07,459.46
abd72692-2fed-49b3-839c-31f9b706e56e,4908f957-3b05-4ea3-84e3-d6346a6ace02,2024-06-17,3367.7,0.0,1480.19,872.27,207.26,203.41,250.2,0.0,0.0,1246.05,790.26
a3c6c412-a7eb-4bd2-8091-9061f893f49d,4908f957-3b05-4ea3-84e3-d6346a6ace02,2024-07-05,3299.28,0.0,70.05,1327.79,292.18,330.13,288.67,0.0,0.0,1220.73,24.82
65549296-981b-489b-822c-4014b2d85ca4,4908f957-3b05-4ea3-84e3-d6346a6ace02,2025-03-04,3395.47,0.0,326.17,1389.92,457.87,224.96,236.89,0.0,0.0,1256.32,338.57
b02d5c25-4ee5-43f6-bd37-5500e77759cb,4908f957-3b05-4ea3-84e3-d6346a6ace02,2025-07-04,3443.22,0.0,1019.23,1125.45,498.74,287.36,273.62,433.71,0.0,1273.99,546.64
c588e1a3-9c59-4a64-943e-dd029da63972,4908f957-3b05-4ea3-84e3-d6346a6ace02,2025-11-24,3431.02,0.0,795.47,1072.79,181.03,231.01,278.7,0.0,0.0,1269.48,157.01
67f058b7-a54b-4bec-b712-5583ee224992,4f198535-9cdf-40d8-a66f-cd202b480a9d,2021-04-01,9256.25,0.0,1184.75,1346.73,756.3,390.1,452.75,895.77,0.0,2960.0,1948.79
b56ebbe4-266d-488c-850c-97c4d103d36e,4f198535-9cdf-40d8-a66f-cd202b480a9d,2021-09-12,9500.82,1903.23,688.86,1760.49,984.17,395.96,423.43,0.0,0.0,2960.0,606.13
a7a01ed1-d584-44f8-abc2-1ec333b75069,4f198535-9cdf-40d8-a66f-cd202b480a9d,2022-02-14,9600.91,0.0,999.97,1404.67,1136.4,469.18,306.96,0.0,0.0,2960.0,2151.34
16e8f3b9-16b8-48fe-8893-1944692adf34,4f198535-9cdf-40d8-a66f-cd202b480a9d,2022-04-24,9553.4,0.0,385.12,1434.92,975.24,365.43,305.07,0.0,0.0,2960.0,890.88
44ff33fe-9e35-4ca9-947f-b6806306c900,4f198535-9cdf-40d8-a66f-cd202b480a9d,2022-06-08,9500.08,0.0,766.58,1848.0,922.0,493.17,388.88,0.0,0.0,2960.0,1313.04
89236bbb-c90a-46ae-a2c1-9d72180f6447,4f198535-9cdf-40d8-a66f-cd202b480a9d,2022-11-27,9625.34,0.0,5.51,2026.56,722.95,511.87,566.62,0.0,0.0,2960.0,1793.58
6b090e30-828e-4332-ae9f-2c3f09f00984,4f198535-9cdf-40d8-a66f-cd202b480a9d,2022-12-28,9635.77,0.0,967.25,1492.93,1033.36,527.6,541.93,0.0,0.0,2960.0,104.81
d45d1e15-b34f-49d3-a705-aa8abd265664,4f198535-9cdf-40d8-a66f-cd202b480a9d,2023-02-20,9740.36,0.0,959.91,1551.56,1065.57,337.78,434.13,0.0,0.0,2960.0,1695.87
ca880771-319c-40a8-a241-bead6ef36add,4f198535-9cdf-40d8-a66f-cd202b480a9d,2023-04-16,9741.02,0.0,624.79,1576.48,540.24,576.59,531.8,0.0,0.0,2960.0,2181.11
437b627b-fe6f-4614-b08d-391e43fc6d28,4f198535-9cdf-40d8-a66f-cd202b480a9d,2024-02-18,10138.65,0.0,1157.31,1991.16,685.91,327.82,496.43,682.41,0.0,2960.0,495.0
a81094c8-5f45-499a-a101-62176e7857af,4f198535-9cdf-40d8-a66f-cd202b480a9d,2024-05-23,10114.5,0.0,458.82,1571.88,507.97,443.35,408.99,0.0,0.0,2960.0,463.95
84bbcaec-389b-4103-81c3-59b0892f813e,4f198535-9cdf-40d8-a66f-cd202b480a9d,2025-01-19,10312.96,0.0,1449.12,1641.89,873.45,399.39,345.6,0.0,247.14,2960.0,365.3
5846564b-94c7-4d73-b2b3-584747397c20,4f198535-9cdf-40d8-a66f-cd202b480a9d,2025-11-18,10800.53,0.0,468.28,1738.84,1401.27,488.72,590.72,961.68,160.64,2960.0,2050.13
598553a6-ff26-4adf-b044-9fdf072750b5,84f081e3-5d11-4243-8058-bccdc27c577a,2020-02-27,12632.7,0.0,631.42,3067.27,767.98,857.91,872.86,0.0,0.0,2960.0,1858.52
e1e4a6a1-39c4-4b03-a46a-ace1f3b30a99,84f081e3-5d11-4243-8058-bccdc27c577a,2020-10-18,13006.5,0.0,1189.7,2582.07,673.18,542.99,870.05,0.0,0.0,2960.0,372.06
4c47350c-c233-45e5-ad6c-3ba29034369d,84f081e3-5d11-4243-8058-bccdc27c577a,2020-11-30,12825.76,0.0,595.52,3127.99,1004.6,737.98,897.63,0.0,0.0,2960.0,1110.29
792fba99-a852-46ce-8afc-f1b3fab451d6,84f081e3-5d11-4243-8058-bccdc27c577a,2021-02-02,12799.65,0.0,581.28,2293.92,1819.37,534.69,615.6,463.02,0.0,2960.0,1423.43
d7d30ca3-ae19-4c90-b47f-032fe616b665,84f081e3-5d11-4243-8058-bccdc27c577a,2021-06-29,12834.01,0.0,1432.11,2244.34,1545.07,630.83,466.38,0.0,0.0,2960.0,1372.28
25a8e3d6-9982-4a90-8a64-f26cfc356e71,84f081e3-5d11-4243-8058-bccdc27c577a,2021-11-14,13485.61,2760.75,708.48,2444.46,1057.45,872.42,531.45,0.0,0.0,2960.0,2189.27
d8a7d982-3499-40e8-84e4-926d6d554e4a,84f081e3-5d11-4243-8058-bccdc27c577a,2022-01-18,13282.27,0.0,269.02,2655.86,1658.47,796.89,680.46,0.0,0.0,2960.0,258.04
58cd0387-76ea-4f64-a62f-c35c928b7f8d,84f081e3-5d11-4243-8058-bccdc27c577a,2022-03-30,13322.19,0.0,1147.56,2679.09,1673.61,487.28,864.43,0.0,112.41,2960.0,2440.67
f6d7dd05-7cc5-4dd6-8ae0-29685af7e478,84f081e3-5d11-4243-8058-bccdc27c577a,2022-06-12,13707.45,0.0,1472.57,3163.27,1211.28,709.26,512.09,0.0,140.63,2960.0,1355.64
027a5cf7-7645-46ef-932d-768e7c512c25,84f081e3-5d11-4243-8058-bccdc27c577a,2022-09-02,13655.25,0.0,146.14,2019.26,1185.8,763.92,863.56,411.22,172.76,2960.0,2904.1
e841e2f6-1f7d-4411-af29-a21d14a0869c,84f081e3-5d11-4243-8058-bccdc27c577a,2022-12-26,13586.02,0.0,1035.14,2581.76,1336.72,624.31,487.12,0.0,0.0,2960.0,1331.83
64685009-3323-479c-85c6-4871e278ecea,84f081e3-5d11-4243-8058-bccdc27c577a,2023-07-02,13749.68,2129.41,891.38,3142.42,1360.31,737.42,809.06,0.0,0.0,2960.0,2557.64
5a32d75c-b1fb-410f-aa11-9a681f994b94,84f081e3-5d11-4243-8058-bccdc27c577a,2023-10-22,14113.48,0.0,700.13,1975.31,835.59,669.55,856.31,0.0,0.0,2960.0,929.76
7143a9d6-edf6-419e-a063-c2835c99a997,84f081e3-5d11-4243-8058-bccdc27c577a,2024-04-16,14399.83,0.0,266.59,3218.41,1709.55,705.48,882.38,0.0,105.38,2960.0,169.1
053514e4-2809-49f4-8842-96691310566c,84f081e3-5d11-4243-8058-bccdc27c577a,2024-05-08,14108.61,2470.81,356.98,2485.48,1376.25,690.96,771.37,0.0,0.0,2960.0,3136.57
873daadf-990a-4416-8eae-99f304457242,84f081e3-5d11-4243-8058-bccdc27c577a,2024-09-19,14410.31,0.0,910.06,2569.64,1143.85,485.31,551.63,0.0,190.57,2960.0,3416.14
ddf98045-a9bf-4a9b-aa44-7ccf97798ff1,84f081e3-5d11-4243-8058-bccdc27c577a,2025-03-20,14521.34,0.0,691.95,2321.29,1558.16,529.71,656.31,0.0,0.0,2960.0,2544.89
1c0a06cd-2660-47e1-a7fb-dd975783ca50,84f081e3-5d11-4243-8058-bccdc27c577a,2026-02-07,15081.41,0.0,518.78,2556.25,1426.75,521.69,577.41,0.0,0.0,2960.0,1593.85
2dcfba08-4fec-44c4-9340-02780d7e51dd,b6ba7a91-a90a-4c33-ba7f-769d8803a794,2021-03-06,4583.97,0.0,226.36,1203.38,598.52,348.31,334.32,0.0,227.89,1696.07,301.6
90f72cb0-dd5c-4ca5-b125-798850c19628,b6ba7a91-a90a-4c33-ba7f-769d8803a794,2021-06-19,4606.8,0.0,943.83,1263.95,305.75,244.08,328.11,0.0,0.0,1704.52,515.68
31c76001-c28d-4c9b-90d6-60dc8eb0c10a,b6ba7a91-a90a-4c33-ba7f-769d8803a794,2021-06-21,4604.37,0.0,165.9,871.11,612.76,383.98,207.95,265.36,0.0,1703.62,456.67
21eceed8-1ce7-46de-90e8-e37785c441f7,b6ba7a91-a90a-4c33-ba7f-769d8803a794,2022-06-11,4775.76,0.0,1130.15,1245.3,421.33,392.64,253.0,144.79,133.71,1767.03,23.44
0ed85efd-d735-487b-b91a-57a425f710c7,b6ba7a91-a90a-4c33-ba7f-769d8803a794,2022-10-19,4807.74,0.0,1390.27,1083.88,475.87,234.95,216.85,0.0,0.0,1778.86,740.2
cc4cce43-57bf-4140-9f78-d552726bb469,b6ba7a91-a90a-4c33-ba7f-769d8803a794,2022-12-02,4930.56,0.0,209.53,826.13,335.75,327.35,216.14,569.19,0.0,1824.31,927.7
8af1a8d7-e9a3-4d56-ab1e-34ff11e29913,b6ba7a91-a90a-4c33-ba7f-769d8803a794,2023-10-23,4903.5,0.0,947.28,896.88,664.66,282.84,342.69,0.0,0.0,1814.3,1122.79
6676865e-2621-48e5-9ec1-90addcbeac09,b6ba7a91-a90a-4c33-ba7f-769d8803a794,2024-05-10,5022.23,1160.84,1392.83,1339.59,661.34,238.1,356.97,670.32,0.0,1858.23,474.76
94660ae5-70ca-4a22-84fa-11e080dcc43b,b6ba7a91-a90a-4c33-ba7f-769d8803a794,2024-06-17,5130.68,0.0,1498.7,1288.16,758.25,376.79,359.92,539.64,0.0,1898.35,1225.87
e0108ee5-1dca-4a96-8b0a-1832c73e52e9,b6ba7a91-a90a-4c33-ba7f-769d8803a794,2024-07-30,5026.51,0.0,273.39,1128.49,559.97,326.61,377.54,0.0,0.0,1859.81,694.18
d91a85ed-6c4a-4c2a-9697-a9943ef89f2b,b6ba7a91-a90a-4c33-ba7f-769d8803a794,2024-12-02,5102.0,2807.71,879.68,901.22,494.95,289.07,261.96,0.0,0.0,1887.74,930.98
9c818afb-8f74-4fb2-945f-bd21946fe23b,b6ba7a91-a90a-4c33-ba7f-769d8803a794,2025-02-28,5179.26,0.0,708.15,996.76,379.95,358.89,335.57,0.0,0.0,1916.33,140.65
69351fab-2b77-4b9f-abe8-596a28642c26,b6ba7a91-a90a-4c33-ba7f-769d8803a794,2025-04-21,5232.55,0.0,108.14,1257.58,343.4,386.12,290.39,520.58,0.0,1936.04,35.67
aa38d797-31a7-499c-8faf-b5575e6e8c76,b6ba7a91-a90a-4c33-ba7f-769d8803a794,2025-11-01,5193.04,0.0,364.92,1357.88,770.92,227.86,365.34,0.0,0.0,1921.42,592.4
df39cff3-34fe-44d9-9f02-f64bd0f681df,075a486c-c2c2-47aa-8d86-9f6b8d99b4c3,2022-04-22,8358.3,0.0,492.91,2483.77,1106.86,684.32,740.27,0.0,0.0,2960.0,1116.09
6e8dcd2f-4bf2-4e7e-8f9f-900c3ea6ef22,075a486c-c2c2-47aa-8d86-9f6b8d99b4c3,2023-02-14,8518.46,0.0,1449.32,2199.02,1120.75,658.94,546.22,0.0,0.0,2960.0,701.68
aeb4d9f4-600d-44ab-a783-4ab4fa06dae6,075a486c-c2c2-47aa-8d86-9f6b8d99b4c3,2023-07-25,8706.27,0.0,1014.44,2605.99,844.97,531.7,953.55,0.0,0.0,2960.0,355.42
bfa63e0a-4f11-4318-818b-e60c76288198,075a486c-c2c2-47aa-8d86-9f6b8d99b4c3,2023-08-22,8684.55,0.0,1299.21,3159.11,865.82,1022.39,931.42,0.0,0.0,2960.0,854.99
fcffaa6b-99fc-4d2f-aebd-cbf0f3bd839e,075a486c-c2c2-47aa-8d86-9f6b8d99b4c3,2024-03-15,9019.85,0.0,952.72,2151.69,1020.79,765.57,891.12,339.02,0.0,2960.0,686.29
99931f9b-e291-41e9-b066-4fd9c6cfacb9,075a486c-c2c2-47aa-8d86-9f6b8d99b4c3,2024-06-25,8973.04,0.0,853.01,2804.29,1275.56,611.02,909.13,608.64,0.0,2960.0,106.61
611e58b6-b82c-436b-821f-4cff9d503be9,075a486c-c2c2-47aa-8d86-9f6b8d99b4c3,2024-09-22,9261.25,0.0,1079.36,3217.16,1294.07,780.06,873.43,728.15,0.0,2960.0,1640.92
4805fa4b-dafa-4832-b8b9-0a4e768d9aeb,075a486c-c2c2-47aa-8d86-9f6b8d99b4c3,2024-11-15,9225.21,0.0,1423.59,2634.51,1086.24,679.82,780.15,0.0,0.0,2960.0,1743.16
f0b00759-52fb-4dfc-9545-3df7d520edfc,075a486c-c2c2-47aa-8d86-9f6b8d99b4c3,2025-04-04,9378.08,0.0,401.79,2614.48,708.06,981.15,760.17,0.0,0.0,2960.0,1591.15
a02da2bc-d01d-411c-9db7-2e6e82a391d9,075a486c-c2c2-47aa-8d86-9f6b8d99b4c3,2025-07-10,9167.65,2091.72,514.77,2236.43,502.07,591.89,882.77,0.0,0.0,2960.0,822.67
4ad245f4-ef9a-4b0d-9adb-a975ea07a7d1,075a486c-c2c2-47aa-8d86-9f6b8d99b4c3,2025-07-15,9244.38,0.0,539.97,2232.01,735.87,966.27,818.53,788.22,0.0,2960.0,1941.14
ff8337a1-8afc-420a-bb3b-359f447b3c70,075a486c-c2c2-47aa-8d86-9f6b8d99b4c3,2025-10-09,9211.48,0.0,1132.41,3268.68,687.1,821.5,547.74,0.0,0.0,2960.0,242.34
addec850-9242-4fa9-a94d-1436fb4116cd,075a486c-c2c2-47aa-8d86-9f6b8d99b4c3,2025-10-15,9280.86,0.0,1306.22,2264.63,1386.76,713.03,962.03,0.0,0.0,2960.0,872.22
31ef0736-a8da-47bb-9bf0-223e0815a2b5,075a486c-c2c2-47aa-8d86-9f6b8d99b4c3,2026-01-26,9528.79,0.0,699.1,2265.04,684.46,859.56,995.12,0.0,0.0,2960.0,1155.4
f14ebb78-fe0f-469e-9ee6-1bb0bf764a39,8a3a2bd2-dd45-4c2f-9416-669a2a086a60,2020-12-08,4493.0,0.0,1475.3,1384.8,522.01,276.85,351.56,0.0,135.99,1662.41,1057.45
4691158e-1346-4023-9c47-61dbbbcde470,8a3a2bd2-dd45-4c2f-9416-669a2a086a60,2021-10-02,4584.92,0.0,1094.48,1097.23,311.72,306.65,236.33,0.0,0.0,1696.42,229.19
93edc927-f4e8-4e7d-93c5-47fb04cdb297,8a3a2bd2-dd45-4c2f-9416-669a2a086a60,2022-05-10,4626.79,0.0,1091.86,907.75,559.73,378.87,345.99,0.0,0.0,1711.91,406.94
f9cc4ffe-77f4-4fd6-9b30-2c6f24c22a0d,8a3a2bd2-dd45-4c2f-9416-669a2a086a60,2022-08-16,4700.59,0.0,1008.34,1418.01,496.72,299.57,290.64,0.0,150.7,1739.22,300.56
d8791dc6-b5f9-4843-859b-94eacbcb279c,8a3a2bd2-dd45-4c2f-9416-669a2a086a60,2023-01-23,4859.58,0.0,1040.47,1116.21,247.99,232.65,348.7,0.0,0.0,1798.04,624.79
ccd8a795-50a6-448c-9afc-a15e7c4bc034,8a3a2bd2-dd45-4c2f-9416-669a2a086a60,2023-11-16,4907.07,2365.0,1278.27,899.98,595.28,363.62,395.88,0.0,0.0,1815.62,407.01
d07988b9-8822-430c-907c-dc21c6eb1119,8a3a2bd2-dd45-4c2f-9416-669a2a086a60,2024-03-05,4942.64,0.0,1489.21,981.72,576.91,231.64,244.57,0.0,0.0,1828.78,34.12
49dcc81c-7b9c-4408-ba4a-01ba94415ccb,8a3a2bd2-dd45-4c2f-9416-669a2a086a60,2024-04-03,4959.88,0.0,660.18,942.03,584.38,225.34,335.57,0.0,0.0,1835.16,199.44
5211bac7-689d-4c68-912f-18e3f0f9c396,8a3a2bd2-dd45-4c2f-9416-669a2a086a60,2024-06-28,4936.28,0.0,1250.76,1292.28,521.35,265.55,264.36,0.0,250.41,1826.42,40.52
0cc4bca1-2684-47c6-bcb1-abfc28139b91,8a3a2bd2-dd45-4c2f-9416-669a2a086a60,2024-12-27,5106.77,0.0,932.22,1020.64,679.43,228.13,292.61,438.71,0.0,1889.5,554.0
2b2a185b-e222-456d-943d-7f47a3e8c803,8a3a2bd2-dd45-4c2f-9416-669a2a086a60,2025-08-24,5066.77,0.0,243.6,1269.6,647.61,294.8,389.41,0.0,0.0,1874.7,387.84
b4d473cf-c974-48c4-84d2-54179f4bd5ff,8a3a2bd2-dd45-4c2f-9416-669a2a086a60,2025-12-11,5167.61,0.0,202.07,1299.58,577.07,337.23,273.89,0.0,277.12,1912.02,810.2
