valuation_id,plan_id,as_of_date,death_benefit,cash_value,critical_illness_benefit,disability_benefit
100ccfda-9cef-4637-8ca4-e9eaf3ecf064,32d5017c-23cf-47cf-9843-73706621f3ee,2021-12-30,767443.74,0.0,62228.39,148473.57
dfd6ade4-a9a8-4a75-8ab8-08163caaccd6,32d5017c-23cf-47cf-9843-73706621f3ee,2022-01-27,767443.74,121.65,62228.39,148473.57
3a4c3825-476e-40c4-ae0f-ba7d9886547e,f7711046-5590-4741-967d-58f8581571b6,2023-09-28,520286.93,0.0,122351.91,154196.14
dac535c7-8b00-4b24-8504-08f60292f8e9,f7711046-5590-4741-967d-58f8581571b6,2024-03-20,520286.93,891.76,122351.91,154196.14
50064ae8-cf31-458a-8f6a-8df9c0d00895,f7711046-5590-4741-967d-58f8581571b6,2024-07-25,520286.93,1542.64,122351.91,154196.14
c4c197e8-a449-4958-8900-013542f17714,3244040c-b30f-4b45-9653-dba3f6ab912d,2024-07-25,717971.5,0.0,114671.5,183938.65
90c8a0d2-3311-4b4f-91f2-7aea0081c95c,f7711046-5590-4741-967d-58f8581571b6,2025-02-07,520286.93,2552.28,122351.91,154196.14
809d374f-3141-49d5-b396-755c56285a1c,3244040c-b30f-4b45-9653-dba3f6ab912d,2025-02-07,717971.5,0.0,114671.5,183938.65
f7ffe017-cbee-4b18-a35f-2988d2858b27,3244040c-b30f-4b45-9653-dba3f6ab912d,2025-05-13,717971.5,0.0,114671.5,183938.65
f0a4264e-1a03-4fce-8e8a-4e990160fe2d,60033ba6-acf1-4151-9c73-3792fcbe12a9,2025-05-13,861423.26,0.0,124233.81,141760.93
d58c0905-5b51-40cd-b2b9-705bf5433eae,3244040c-b30f-4b45-9653-dba3f6ab912d,2026-02-04,717971.5,0.0,114671.5,183938.65
8a9d3da7-fb1a-4837-8e9b-da0a1d28bae1,60033ba6-acf1-4151-9c73-3792fcbe12a9,2026-02-04,861423.26,0.0,124233.81,141760.93
62b89de2-daaa-41dd-b4f9-6739bd45a8c3,901fdc8e-9896-4a4b-b7c0-1e006912f033,2021-07-13,518888.09,0.0,79714.83,161246.07
c340d229-69cd-4f12-83a0-1feba33ba2e7,901fdc8e-9896-4a4b-b7c0-1e006912f033,2022-01-05,518888.09,0.0,79714.83,161246.07
2a087dd7-20df-4016-9538-12cfaad203df,901fdc8e-9896-4a4b-b7c0-1e006912f033,2022-01-28,518888.09,0.0,79714.83,161246.07
21993737-41fe-41d5-815d-4dc84e157d04,344debd8-3c40-4030-b5a8-ff44c9f15a4f,2022-07-23,940047.26,0.0,66660.3,190761.13
84d5631c-ebc7-4b5e-9035-a7b9e8250c27,901fdc8e-9896-4a4b-b7c0-1e006912f033,2022-07-23,518888.09,0.0,79714.83,161246.07
de44a792-8674-4d20-9e35-7f747e7491f3,344debd8-3c40-4030-b5a8-ff44c9f15a4f,2022-09-07,940047.26,0.0,66660.3,190761.13
1377dea4-e9b0-4d2c-8714-c629e38e9201,901fdc8e-9896-4a4b-b7c0-1e006912f033,2022-09-07,518888.09,0.0,79714.83,161246.07
963beb57-8569-4de8-a2a7-595c20ee948d,344debd8-3c40-4030-b5a8-ff44c9f15a4f,2023-05-22,940047.26,0.0,66660.3,190761.13
4039092a-0dfb-4b9c-bcb0-277ff3d3bf1a,901fdc8e-9896-4a4b-b7c0-1e006912f033,2023-05-22,518888.09,0.0,79714.83,161246.07
65c35298-b6c5-4f04-b821-c8bec2a85df4,344debd8-3c40-4030-b5a8-ff44c9f15a4f,2023-08-25,940047.26,0.0,66660.3,190761.13
b2ba8d8c-8262-42bd-9563-d75f2f3dcb1a,901fdc8e-9896-4a4b-b7c0-1e006912f033,2023-08-25,518888.09,0.0,79714.83,161246.07
4ed1583c-7bbf-4f07-a99f-cc245ba89b4b,34fa5955-50f8-445b-9035-c543df31842d,2023-12-15,687993.65,0.0,150096.87,102188.32
ba7d7d54-1e47-427f-99ed-a5dcb99981ae,344debd8-3c40-4030-b5a8-ff44c9f15a4f,2023-12-15,940047.26,0.0,66660.3,190761.13
5405e1d3-8e5e-4870-a49f-4e0342cf7e8a,901fdc8e-9896-4a4b-b7c0-1e006912f033,2023-12-15,518888.09,0.0,79714.83,161246.07
3a6c0c84-237d-479f-96da-96860e48d796,34fa5955-50f8-445b-9035-c543df31842d,2024-01-13,687993.65,128.67,150096.87,102188.32
48291ce1-4e6f-4c04-9a7d-c4edb1e196ca,344debd8-3c40-4030-b5a8-ff44c9f15a4f,2024-01-13,940047.26,0.0,66660.3,190761.13
e9843c3b-e18d-4d50-94d0-bd2a2f342909,901fdc8e-9896-4a4b-b7c0-1e006912f033,2024-01-13,518888.09,0.0,79714.83,161246.07
ace51d87-8208-45ad-9e86-ff3a10f4fe3f,34fa5955-50f8-445b-9035-c543df31842d,2024-02-02,687993.65,217.4,150096.87,102188.32
a0d7697a-2cd5-4237-b990-4ec5e979d445,344debd8-3c40-4030-b5a8-ff44c9f15a4f,2024-02-02,940047.26,0.0,66660.3,190761.13
3627eee3-343f-471c-9ff4-c9c36308d918,901fdc8e-9896-4a4b-b7c0-1e006912f033,2024-02-02,518888.09,0.0,79714.83,161246.07
7aa4f32b-95a5-4b23-8459-fb9e6cbc9054,34fa5955-50f8-445b-9035-c543df31842d,2024-11-03,687993.65,1437.52,150096.87,102188.32
82b405ab-baa0-475f-92bf-162f46df03c1,344debd8-3c40-4030-b5a8-ff44c9f15a4f,2024-11-03,940047.26,0.0,66660.3,190761.13
60ffcec9-3469-4736-a7ad-9ecf33364d29,901fdc8e-9896-4a4b-b7c0-1e006912f033,2024-11-03,518888.09,0.0,79714.83,161246.07
4dcb6f4d-e5f7-417e-be27-3420c9a65dc6,34fa5955-50f8-445b-9035-c543df31842d,2025-03-05,687993.65,1978.81,150096.87,102188.32
dd6e6a4e-c7dc-4933-b9b1-50b50c6bbc37,344debd8-3c40-4030-b5a8-ff44c9f15a4f,2025-03-05,940047.26,0.0,66660.3,190761.13
6d72a3f6-a421-4e4f-84a6-25e437917b0a,901fdc8e-9896-4a4b-b7c0-1e006912f033,2025-03-05,518888.09,0.0,79714.83,161246.07
c49e6e88-ff1d-40e5-93d7-78c177f6459e,34fa5955-50f8-445b-9035-c543df31842d,2025-03-10,687993.65,2001.0,150096.87,102188.32
b372da61-de6a-4885-89a2-a7e98036a912,2b65cb03-1494-48e0-b522-309da95c2646,2025-03-10,791125.94,0.0,93347.08,176261.79
b8ba8374-6ea6-4c5b-ba59-252b7cb08982,344debd8-3c40-4030-b5a8-ff44c9f15a4f,2025-03-10,940047.26,0.0,66660.3,190761.13
7d746634-83c3-41c3-adc6-329a48ac96fb,901fdc8e-9896-4a4b-b7c0-1e006912f033,2025-03-10,518888.09,0.0,79714.83,161246.07
2c52090f-9b09-43bf-9df1-966c4ed54954,34fa5955-50f8-445b-9035-c543df31842d,2025-07-27,687993.65,2617.71,150096.87,102188.32
571c4c4e-0aa6-48d5-baaf-400250cb1a54,2b65cb03-1494-48e0-b522-309da95c2646,2025-07-27,791125.94,0.0,93347.08,176261.79
e03973f9-a098-4a25-87c0-fbb45cb4c120,344debd8-3c40-4030-b5a8-ff44c9f15a4f,2025-07-27,940047.26,0.0,66660.3,190761.13
f96297a8-2e5c-4879-8795-adb957bf11ad,901fdc8e-9896-4a4b-b7c0-1e006912f033,2025-07-27,518888.09,0.0,79714.83,161246.07
c9342b70-58f3-4ca7-8d92-00c30c146798,34fa5955-50f8-445b-9035-c543df31842d,2025-10-23,687993.65,3008.15,150096.87,102188.32
423172ea-a085-44d0-8fea-b3e65838f01e,2b65cb03-1494-48e0-b522-309da95c2646,2025-10-23,791125.94,0.0,93347.08,176261.79
1f7e2d49-d77f-43db-ac2e-03d11cf58172,344debd8-3c40-4030-b5a8-ff44c9f15a4f,2025-10-23,940047.26,0.0,66660.3,190761.13
1bcced1a-505f-4673-b42e-ca59be518c55,71688bbf-d44c-4076-86c9-f2851b42ca48,2025-10-23,611818.3,0.0,167406.28,169895.0
344bffb6-0266-4cf4-ba71-0fdd61d80b0f,901fdc8e-9896-4a4b-b7c0-1e006912f033,2025-10-23,518888.09,0.0,79714.83,161246.07
afcea3a8-f1e0-48c3-ad0a-e6b7ef4a324c,34fa5955-50f8-445b-9035-c543df31842d,2026-01-30,687993.65,3447.39,150096.87,102188.32
c31b5f63-a6b5-4c4f-8300-098fcd12ae13,2b65cb03-1494-48e0-b522-309da95c2646,2026-01-30,791125.94,0.0,93347.08,176261.79
329299b2-4778-4af9-b0e8-aa1894c64326,344debd8-3c40-4030-b5a8-ff44c9f15a4f,2026-01-30,940047.26,0.0,66660.3,190761.13
0bafe213-9bc8-4ab0-9d41-06610db75ec7,71688bbf-d44c-4076-86c9-f2851b42ca48,2026-01-30,611818.3,0.0,167406.28,169895.0
35c0629a-5cfc-4232-a4ab-63c4c10206f0,901fdc8e-9896-4a4b-b7c0-1e006912f033,2026-01-30,518888.09,0.0,79714.83,161246.07
1089c0e2-7f0a-41c7-9f1f-df22eb696e6f,6d09c3ec-c909-4dff-b26b-d38a1b72d4fa,2024-04-01,527956.28,0.0,147091.4,138095.89
953ea159-e0bf-4780-9e03-6d0e9a00bde0,6d09c3ec-c909-4dff-b26b-d38a1b72d4fa,2024-11-02,527956.28,1167.36,147091.4,138095.89
f65ad69a-7570-4ccb-9157-2b87e0a9bbed,6d09c3ec-c909-4dff-b26b-d38a1b72d4fa,2024-11-09,527956.28,1205.36,147091.4,138095.89
f52f0b96-7294-43ca-bea5-4bbdf4de749a,9055f447-da29-423c-b663-aa5530d61ddd,2024-11-09,325563.67,0.0,132111.11,57616.46
489283a4-ed8a-47be-aba4-b363048f842b,6d09c3ec-c909-4dff-b26b-d38a1b72d4fa,2025-01-07,527956.28,1525.71,147091.4,138095.89
21f134cd-4aaf-485e-a281-650e5e4b21ed,9055f447-da29-423c-b663-aa5530d61ddd,2025-01-07,325563.67,0.0,132111.11,57616.46
25b3bdb9-47e3-4d6d-af6f-d0db5fdb13a9,6d09c3ec-c909-4dff-b26b-d38a1b72d4fa,2025-02-18,527956.28,1753.75,147091.4,138095.89
2f0f69e2-229f-4a14-9587-9d08ca599dcb,9055f447-da29-423c-b663-aa5530d61ddd,2025-02-18,325563.67,0.0,132111.11,57616.46
548076fb-ff9e-47fd-b8c3-9a93e3922333,6d09c3ec-c909-4dff-b26b-d38a1b72d4fa,2025-02-23,527956.28,1780.9,147091.4,138095.89
b61c7f50-4be1-4488-94b2-9ab51545f6df,9055f447-da29-423c-b663-aa5530d61ddd,2025-02-23,325563.67,0.0,132111.11,57616.46
62284f33-fe28-4958-b3c1-b05b4664694d,6d09c3ec-c909-4dff-b26b-d38a1b72d4fa,2025-05-03,527956.28,2155.54,147091.4,138095.89
5079eaf7-37ba-42c9-8ec1-66ea99075ace,57b8b9e6-4074-436f-a772-04292e3baed7,2025-05-03,395491.72,0.0,183204.52,155129.77
1b4f4245-6f1d-484c-8b9c-ab1a16af4a49,9055f447-da29-423c-b663-aa5530d61ddd,2025-05-03,325563.67,0.0,132111.11,57616.46
f85826f2-2d19-4296-acf0-cefad9ba391e,6d09c3ec-c909-4dff-b26b-d38a1b72d4fa,2025-08-27,527956.28,2785.37,147091.4,138095.89
54d75051-325f-4961-a2ea-f7d9e7168ffb,57b8b9e6-4074-436f-a772-04292e3baed7,2025-08-27,395491.72,0.0,183204.52,155129.77
622b1f80-163d-4092-bec9-78fff9042e4d,9055f447-da29-423c-b663-aa5530d61ddd,2025-08-27,325563.67,0.0,132111.11,57616.46
e7e82626-e9b9-4500-960f-496359e872ae,6d09c3ec-c909-4dff-b26b-d38a1b72d4fa,2026-02-14,527956.28,3713.83,147091.4,138095.89
40ff97f8-236c-44ee-96f3-cd1c5bf17c05,57b8b9e6-4074-436f-a772-04292e3baed7,2026-02-14,395491.72,0.0,183204.52,155129.77
32102781-f0a2-4aeb-80c2-bbd37b1d46ce,9055f447-da29-423c-b663-aa5530d61ddd,2026-02-14,325563.67,0.0,132111.11,57616.46
418a68bb-251b-44a3-bfcc-b13ce7aa0e05,bb1a1245-bc26-4a72-ba45-716423442a2d,2022-05-22,110308.69,0.0,77189.31,126657.1
8853cd1f-5060-4b6c-a9f2-44f216b6e51b,bb1a1245-bc26-4a72-ba45-716423442a2d,2022-11-28,110308.69,870.76,77189.31,126657.1
c234ed9c-a074-42e3-82d1-d132fc402f39,bb1a1245-bc26-4a72-ba45-716423442a2d,2023-01-04,110308.69,1040.33,77189.31,126657.1
8d9af834-bb07-4b32-a0c6-747fdf93039a,bb1a1245-bc26-4a72-ba45-716423442a2d,2023-10-10,110308.69,2318.97,77189.31,126657.1
6a3b6db2-ebc4-42bb-923b-1cdf1cb59132,bb1a1245-bc26-4a72-ba45-716423442a2d,2023-10-15,110308.69,2341.88,77189.31,126657.1
069de82c-6a5c-42cc-b53f-f8f059c0b4a3,7e10a513-f389-4af3-a244-29ffdd7acb88,2023-10-15,481805.71,0.0,121077.08,78038.22
a02c30b6-7b3d-40c6-b7e6-aba426f76feb,bb1a1245-bc26-4a72-ba45-716423442a2d,2023-11-04,110308.69,2433.54,77189.31,126657.1
b5dd51c7-752f-4546-82eb-3ff327f1d446,7e10a513-f389-4af3-a244-29ffdd7acb88,2023-11-04,481805.71,0.0,121077.08,78038.22
03d91192-bec7-4e9b-8763-70e2f9d66834,bb1a1245-bc26-4a72-ba45-716423442a2d,2023-12-12,110308.69,2607.69,77189.31,126657.1
d3d9a88a-2913-4ad5-975d-a60e0d90e808,7e10a513-f389-4af3-a244-29ffdd7acb88,2023-12-12,481805.71,0.0,121077.08,78038.22
ad268b50-ca23-4095-a89d-2d83472b2eb3,bb1a1245-bc26-4a72-ba45-716423442a2d,2024-06-23,110308.69,3496.79,77189.31,126657.1
6742bdba-be4f-4b8c-9a51-f27dba371954,7e10a513-f389-4af3-a244-29ffdd7acb88,2024-06-23,481805.71,0.0,121077.08,78038.22
cdad15ec-f235-4a4d-a889-2207f4905681,71a44638-8cea-4a21-b11f-215c66b37979,2024-06-23,311623.09,0.0,143681.86,170933.37
0db4f15c-2889-445f-9b87-063badbd5d82,bb1a1245-bc26-4a72-ba45-716423442a2d,2024-08-20,110308.69,3762.6,77189.31,126657.1
627c2280-43d9-44c5-9bd8-f84bd3246ca6,7e10a513-f389-4af3-a244-29ffdd7acb88,2024-08-20,481805.71,0.0,121077.08,78038.22
7ccd873d-dc7d-41a5-aadd-cf2342235350,71a44638-8cea-4a21-b11f-215c66b37979,2024-08-20,311623.09,0.0,143681.86,170933.37
e3bab991-5499-4a6c-8d34-ff15f02a3516,bb1a1245-bc26-4a72-ba45-716423442a2d,2024-12-21,110308.69,4326.3,77189.31,126657.1
0922cb8f-5c33-46ee-917e-c58c5e811364,7e10a513-f389-4af3-a244-29ffdd7acb88,2024-12-21,481805.71,0.0,121077.08,78038.22
73ced638-8870-4b71-a12f-5d0eccbb2ba7,71a44638-8cea-4a21-b11f-215c66b37979,2024-12-21,311623.09,0.0,143681.86,170933.37
87c420f0-abf9-43dd-9c5c-8d068e13f557,bb1a1245-bc26-4a72-ba45-716423442a2d,2025-11-07,110308.69,5797.42,77189.31,126657.1
3a3fbfc9-8f1b-4002-81ca-2691d6efee7c,7e10a513-f389-4af3-a244-29ffdd7acb88,2025-11-07,481805.71,0.0,121077.08,78038.22
71479eeb-d06d-4588-b702-1aa10ac2bac8,71a44638-8cea-4a21-b11f-215c66b37979,2025-11-07,311623.09,0.0,143681.86,170933.37
9059bf79-0d1a-4564-a9df-299e07c35142,de7a4a7a-945e-41ce-ac41-a17d940eda35,2020-02-27,223598.57,0.0,109727.08,89543.95
5862d57e-bd4c-4960-97d1-6e2fc7651e7e,de7a4a7a-945e-41ce-ac41-a17d940eda35,2021-01-17,223598.57,1658.63,109727.08,89543.95
c70d1658-bc78-4b01-a241-abe61d35f97a,de7a4a7a-945e-41ce-ac41-a17d940eda35,2021-01-28,223598.57,1714.76,109727.08,89543.95
e0724935-3c87-4d2e-94f6-e563d4521ce0,de7a4a7a-945e-41ce-ac41-a17d940eda35,2021-02-18,223598.57,1821.94,109727.08,89543.95
4f5527d3-04c3-4115-89a5-fdaa089dd333,de7a4a7a-945e-41ce-ac41-a17d940eda35,2021-05-15,223598.57,2260.83,109727.08,89543.95
aecf5a8c-4fb4-43d1-8ccc-ff450e58e42e,de7a4a7a-945e-41ce-ac41-a17d940eda35,2021-12-29,223598.57,3424.42,109727.08,89543.95
c03b5999-d8ee-4a42-aada-50e4f1552e0f,de7a4a7a-945e-41ce-ac41-a17d940eda35,2022-09-15,223598.57,4751.32,109727.08,89543.95
240803fe-c34e-42ac-9d8f-e82fb32fdc35,de7a4a7a-945e-41ce-ac41-a17d940eda35,2022-12-31,223598.57,5297.39,109727.08,89543.95
9e610a43-05c1-4749-8a1f-8922ae02afda,de7a4a7a-945e-41ce-ac41-a17d940eda35,2023-04-12,223598.57,5817.95,109727.08,89543.95
3ea1d70e-3f6e-4517-a110-0aa4d211a4d8,e461a5d3-6ed4-4f95-b596-ffd50e01ec19,2023-06-16,735753.04,0.0,95895.73,52271.96
ec05cbab-bfb9-4685-b68e-39d7a279bcc5,de7a4a7a-945e-41ce-ac41-a17d940eda35,2023-06-16,223598.57,6149.67,109727.08,89543.95
c177c108-b654-47c3-bac1-78381d992096,e461a5d3-6ed4-4f95-b596-ffd50e01ec19,2023-10-23,735753.04,0.0,95895.73,52271.96
8714062c-fa2e-4953-ac86-a7dd7829cc13,de7a4a7a-945e-41ce-ac41-a17d940eda35,2023-10-23,223598.57,6808.02,109727.08,89543.95
a5e7ddf4-83cd-4a29-a4b1-c1487652d0e5,e461a5d3-6ed4-4f95-b596-ffd50e01ec19,2023-10-26,735753.04,0.0,95895.73,52271.96
69ee5d18-773a-4468-9cf5-4b573e6096b8,de7a4a7a-945e-41ce-ac41-a17d940eda35,2023-10-26,223598.57,6823.33,109727.08,89543.95
e3fd70bc-011a-473a-a01a-d8e1aa323bfd,454b2e49-ec54-4acd-b65c-ab2cf785f494,2023-10-26,256279.24,0.0,182897.03,162732.73
f51cae78-c280-4a67-966c-31aa59be1cc4,e461a5d3-6ed4-4f95-b596-ffd50e01ec19,2024-03-01,735753.04,0.0,95895.73,52271.96
9bd15d11-6d78-40ce-8a38-ad48ac3f251a,de7a4a7a-945e-41ce-ac41-a17d940eda35,2024-03-01,223598.57,7471.47,109727.08,89543.95
c6175af3-cdbf-40d2-b149-61eef15feb34,454b2e49-ec54-4acd-b65c-ab2cf785f494,2024-03-01,256279.24,394.56,182897.03,162732.73
187784e7-79b1-42a8-8a4d-b0ff19c5cc2d,e461a5d3-6ed4-4f95-b596-ffd50e01ec19,2024-04-13,735753.04,0.0,95895.73,52271.96
0fde7359-de3b-42a8-a63b-34ab3710fe5c,de7a4a7a-945e-41ce-ac41-a17d940eda35,2024-04-13,223598.57,7690.92,109727.08,89543.95
1f821aa1-c93e-465e-9e8a-7155688d4b28,454b2e49-ec54-4acd-b65c-ab2cf785f494,2024-04-13,256279.24,528.15,182897.03,162732.73
41cdd924-08f8-4398-8789-8c7d2c53bff4,e461a5d3-6ed4-4f95-b596-ffd50e01ec19,2025-02-09,735753.04,0.0,95895.73,52271.96
ed7f045b-8e2e-49ff-99bf-bd409853617d,de7a4a7a-945e-41ce-ac41-a17d940eda35,2025-02-09,223598.57,9232.17,109727.08,89543.95
b8afb64f-f3f2-4e02-b557-1ecbe7a31c3c,e461a5d3-6ed4-4f95-b596-ffd50e01ec19,2025-02-11,735753.04,0.0,95895.73,52271.96
d178e912-f34b-46d6-9c20-8fe91ae12fad,de7a4a7a-945e-41ce-ac41-a17d940eda35,2025-02-11,223598.57,9242.37,109727.08,89543.95
90706b3a-6aae-4e6e-af05-5a33dc1c1262,e461a5d3-6ed4-4f95-b596-ffd50e01ec19,2025-06-27,735753.04,0.0,95895.73,52271.96
4efc5c14-7eb9-4b26-98a4-32ef28b22c97,de7a4a7a-945e-41ce-ac41-a17d940eda35,2025-06-27,223598.57,9936.44,109727.08,89543.95
35a89045-7ab9-460b-aa0e-9f0af51baf29,e461a5d3-6ed4-4f95-b596-ffd50e01ec19,2025-12-29,735753.04,0.0,95895.73,52271.96
426f7e6d-649e-4f95-80a2-6e8e62d77591,de7a4a7a-945e-41ce-ac41-a17d940eda35,2025-12-29,223598.57,10880.58,109727.08,89543.95
bfa05e57-eb75-4522-90c1-aadb3d0615d4,e6a20aa4-7768-443c-b3c5-d3d955ce0ebb,2020-06-08,163678.28,0.0,191049.99,126856.88
ada5d150-0632-4e3e-9828-76685b2fcb11,e6a20aa4-7768-443c-b3c5-d3d955ce0ebb,2021-04-26,163678.28,0.0,191049.99,126856.88
bd570c6e-bc89-4868-935a-73b922289dd0,e6a20aa4-7768-443c-b3c5-d3d955ce0ebb,2021-06-03,163678.28,0.0,191049.99,126856.88
c2523c6e-0769-4efe-b765-6d966fef78c4,3ba85278-6f31-4b31-a01c-6e3a4493036c,2024-05-31,543456.23,0.0,142074.89,122064.5
58fec14e-3d21-4e27-8ac0-336b552f8e94,3ba85278-6f31-4b31-a01c-6e3a4493036c,2024-08-18,543456.23,0.0,142074.89,122064.5
46f33a82-93a4-4bde-be45-7b2a9e161c20,3ba85278-6f31-4b31-a01c-6e3a4493036c,2024-12-30,543456.23,0.0,142074.89,122064.5
79cce6e6-cab2-4430-acf0-9bedae1c2343,6755299e-6d59-4d2a-af67-4a5b9c0a0ad1,2024-12-30,520754.84,0.0,58947.63,50651.5
d8f9ef89-95c6-4791-b520-177a883764a9,3ba85278-6f31-4b31-a01c-6e3a4493036c,2025-02-08,543456.23,0.0,142074.89,122064.5
0651d06d-9358-4666-913d-f4b9c8118093,6755299e-6d59-4d2a-af67-4a5b9c0a0ad1,2025-02-08,520754.84,155.95,58947.63,50651.5
5de8f2ce-4f7f-4b34-9ea4-f54370680768,3ba85278-6f31-4b31-a01c-6e3a4493036c,2025-05-03,543456.23,0.0,142074.89,122064.5
f0f7d195-51e7-4bac-8684-d510f54727eb,6755299e-6d59-4d2a-af67-4a5b9c0a0ad1,2025-05-03,520754.84,483.46,58947.63,50651.5
a2e1c45a-092f-4b8a-b6a8-794521e02f55,3ba85278-6f31-4b31-a01c-6e3a4493036c,2025-05-19,543456.23,0.0,142074.89,122064.5
ef9ececd-5326-41f0-8615-9b528f8dc0ae,6755299e-6d59-4d2a-af67-4a5b9c0a0ad1,2025-05-19,520754.84,545.84,58947.63,50651.5
970fbcfe-fda1-4519-af0f-c8cb6664e30d,3ba85278-6f31-4b31-a01c-6e3a4493036c,2025-05-23,543456.23,0.0,142074.89,122064.5
dfdad929-4079-4a56-ba70-98fa68b0b416,07430fad-fa4f-4a72-97f4-0937b2b19087,2025-05-23,503098.03,0.0,148473.75,98315.45
334c76fb-5461-49bb-a272-26ff37d234ae,6755299e-6d59-4d2a-af67-4a5b9c0a0ad1,2025-05-23,520754.84,561.44,58947.63,50651.5
38561e22-61e0-453e-a44c-6860280128f3,9fe49d1d-6064-406b-bcec-b800a8d96f59,2020-08-13,718567.92,0.0,56383.4,85095.36
396f2815-e585-4bb1-b022-a65df426015d,9fe49d1d-6064-406b-bcec-b800a8d96f59,2020-12-04,718567.92,0.0,56383.4,85095.36
e8f2f167-ef0a-48dc-a438-26d95375b1c1,9fe49d1d-6064-406b-bcec-b800a8d96f59,2021-03-10,718567.92,0.0,56383.4,85095.36
7acc7d74-5316-491f-ae3a-2520bc8a4743,9fe49d1d-6064-406b-bcec-b800a8d96f59,2021-03-24,718567.92,0.0,56383.4,85095.36
cad49cd0-cbec-43f9-a864-d64f57fded4c,9fe49d1d-6064-406b-bcec-b800a8d96f59,2021-07-29,718567.92,0.0,56383.4,85095.36
47f2d8ce-b516-4c1e-ac87-33cb075aeb5f,9fe49d1d-6064-406b-bcec-b800a8d96f59,2021-10-08,718567.92,0.0,56383.4,85095.36
731610fd-f381-45e8-b3fa-e566590ff356,9fe49d1d-6064-406b-bcec-b800a8d96f59,2022-03-24,718567.92,0.0,56383.4,85095.36
9e0cf3fa-0998-4058-b722-77e92d8c1ade,9fe49d1d-6064-406b-bcec-b800a8d96f59,2022-07-05,718567.92,0.0,56383.4,85095.36
c1f14ab6-d440-4ff4-92f5-83a7df68c7c2,9fe49d1d-6064-406b-bcec-b800a8d96f59,2023-04-14,718567.92,0.0,56383.4,85095.36
c7080105-e086-4d83-86fc-d81ab475f7cf,9fe49d1d-6064-406b-bcec-b800a8d96f59,2023-10-04,718567.92,0.0,56383.4,85095.36
a0fadfca-0f98-4535-bca6-eeeabf1129a3,9fe49d1d-6064-406b-bcec-b800a8d96f59,2024-08-27,718567.92,0.0,56383.4,85095.36
98eedeaf-1065-4fc3-b095-50aee33f1a2a,9fe49d1d-6064-406b-bcec-b800a8d96f59,2025-04-24,718567.92,0.0,56383.4,85095.36
5015f006-54fa-43f3-ac7a-975fad848584,9fe49d1d-6064-406b-bcec-b800a8d96f59,2026-02-09,718567.92,0.0,56383.4,85095.36
47b88baf-1499-4fa8-8a8d-830bad757353,32dabe70-1c28-4863-8356-172616f96c85,2021-08-04,786231.07,0.0,79381.56,67722.23
f8be9333-f1f6-4477-a6d6-84299ef30ae0,32dabe70-1c28-4863-8356-172616f96c85,2021-08-12,786231.07,0.0,79381.56,67722.23
b0d1bf2c-a69b-41bd-8109-c1e498aeef09,384ad31d-da92-40a3-913e-fcd3925c2582,2021-08-12,683157.1,0.0,145413.77,83254.32
9d5c6a62-1b9c-41a9-a605-05c067c5e73c,32dabe70-1c28-4863-8356-172616f96c85,2022-03-02,786231.07,0.0,79381.56,67722.23
efa66953-449b-48f2-b8a9-f954c9f612a4,384ad31d-da92-40a3-913e-fcd3925c2582,2022-03-02,683157.1,0.0,145413.77,83254.32
f887ae56-fded-4ed2-8642-8628528c4ba6,32dabe70-1c28-4863-8356-172616f96c85,2022-07-27,786231.07,0.0,79381.56,67722.23
d2ccda92-799a-4581-846f-06f4cc453849,384ad31d-da92-40a3-913e-fcd3925c2582,2022-07-27,683157.1,0.0,145413.77,83254.32
816633cb-54d6-4449-97b8-15f845ed0792,32dabe70-1c28-4863-8356-172616f96c85,2023-01-19,786231.07,0.0,79381.56,67722.23
39fbf972-b790-4d02-bf8a-b1552912d342,384ad31d-da92-40a3-913e-fcd3925c2582,2023-01-19,683157.1,0.0,145413.77,83254.32
f0da485f-8771-4f89-9c68-377c865394a9,32dabe70-1c28-4863-8356-172616f96c85,2023-02-07,786231.07,0.0,79381.56,67722.23
072b4246-1bd9-4116-bfe3-4a67ffbf1d30,384ad31d-da92-40a3-913e-fcd3925c2582,2023-02-07,683157.1,0.0,145413.77,83254.32
80555c45-9d94-41f8-9943-69da1c669266,32dabe70-1c28-4863-8356-172616f96c85,2023-09-10,786231.07,0.0,79381.56,67722.23
550a07ce-4570-466c-b85d-9a41bbd8de9d,384ad31d-da92-40a3-913e-fcd3925c2582,2023-09-10,683157.1,0.0,145413.77,83254.32
06f32255-d375-435f-93ae-75d01c426ca6,6335bfed-f093-44d0-b4a6-1368304ccfb9,2023-10-29,858877.47,0.0,69557.67,121640.38
b1760936-6ea8-4fc7-afea-2b7d636a9d56,32dabe70-1c28-4863-8356-172616f96c85,2023-10-29,786231.07,0.0,79381.56,67722.23
9db3aebb-d137-445c-b9b7-3417c87bf6bc,384ad31d-da92-40a3-913e-fcd3925c2582,2023-10-29,683157.1,0.0,145413.77,83254.32
5cf90d9c-82aa-4fc8-8311-ee9f89e2d06f,6335bfed-f093-44d0-b4a6-1368304ccfb9,2023-12-21,858877.47,274.84,69557.67,121640.38
4d0af205-5ecf-4262-a10c-069f833be1fe,32dabe70-1c28-4863-8356-172616f96c85,2023-12-21,786231.07,0.0,79381.56,67722.23
550892de-159a-406d-934d-7b1d15585311,384ad31d-da92-40a3-913e-fcd3925c2582,2023-12-21,683157.1,0.0,145413.77,83254.32
a072ebdd-4dd6-4f7b-83c3-5004c4988f56,be22ada1-054a-4a95-b463-3bca40612099,2023-12-21,633140.54,0.0,125680.07,84521.42
57db466e-5fd4-48e7-9faf-3b239034e34c,6335bfed-f093-44d0-b4a6-1368304ccfb9,2023-12-29,858877.47,316.32,69557.67,121640.38
a9355686-29b0-4b7b-af9b-5d720b46842f,32dabe70-1c28-4863-8356-172616f96c85,2023-12-29,786231.07,0.0,79381.56,67722.23
2c14ecc3-59b5-4d04-ab6c-58e4ea1a6602,384ad31d-da92-40a3-913e-fcd3925c2582,2023-12-29,683157.1,0.0,145413.77,83254.32
d22c3f32-1f22-469a-9e33-b5723bc57a24,be22ada1-054a-4a95-b463-3bca40612099,2023-12-29,633140.54,0.0,125680.07,84521.42
c166249e-837c-4c5e-ac02-9884d9eb6e9c,6335bfed-f093-44d0-b4a6-1368304ccfb9,2024-04-05,858877.47,824.51,69557.67,121640.38
9876d1ca-8c03-4082-b095-ca945222b82a,32dabe70-1c28-4863-8356-172616f96c85,2024-04-05,786231.07,0.0,79381.56,67722.23
b90f4d5e-d9c3-44a9-9fb8-f83097aeb5c3,384ad31d-da92-40a3-913e-fcd3925c2582,2024-04-05,683157.1,0.0,145413.77,83254.32
463d674f-acfa-44fc-bea4-268d62c2afd3,be22ada1-054a-4a95-b463-3bca40612099,2024-04-05,633140.54,0.0,125680.07,84521.42
1b3823fa-fa1e-4bf3-bea4-496f70183134,6335bfed-f093-44d0-b4a6-1368304ccfb9,2024-06-03,858877.47,1130.45,69557.67,121640.38
d1eb991f-a12d-417d-bb97-aec293dc2004,32dabe70-1c28-4863-8356-172616f96c85,2024-06-03,786231.07,0.0,79381.56,67722.23
a70de112-30f5-41fd-9066-16d1c85d3999,384ad31d-da92-40a3-913e-fcd3925c2582,2024-06-03,683157.1,0.0,145413.77,83254.32
f23f3694-66fb-4a18-8a23-558f4c92aa27,da77229f-5ebc-4f7b-808c-b667701cec32,2024-06-03,791258.72,0.0,77429.25,75312.42
b247ddfa-0a05-476d-a34b-3aa1e36edd81,be22ada1-054a-4a95-b463-3bca40612099,2024-06-03,633140.54,0.0,125680.07,84521.42
e6e8a4ca-9e9e-4355-8cb9-ac5833180cb5,6335bfed-f093-44d0-b4a6-1368304ccfb9,2024-10-25,858877.47,1877.18,69557.67,121640.38
6d82c4d6-05e6-447f-9080-3ffa7a7aa5ad,32dabe70-1c28-4863-8356-172616f96c85,2024-10-25,786231.07,0.0,79381.56,67722.23
47158ff3-567d-46dd-9dfb-ed29c506a24a,384ad31d-da92-40a3-913e-fcd3925c2582,2024-10-25,683157.1,0.0,145413.77,83254.32
c11314a5-f04f-4b42-b6e2-b81ec1b652ac,da77229f-5ebc-4f7b-808c-b667701cec32,2024-10-25,791258.72,614.14,77429.25,75312.42
111f7934-2908-47f4-9c28-2a9ee1b1d00c,6335bfed-f093-44d0-b4a6-1368304ccfb9,2024-10-31,858877.47,1908.29,69557.67,121640.38
7d5a2f01-3160-48a1-895a-9de6e5f73144,32dabe70-1c28-4863-8356-172616f96c85,2024-10-31,786231.07,0.0,79381.56,67722.23
71945a8c-7b4b-4916-aa74-65174e8b5398,384ad31d-da92-40a3-913e-fcd3925c2582,2024-10-31,683157.1,0.0,145413.77,83254.32
48d08681-4024-4f3b-a161-0d96a1c53c62,da77229f-5ebc-4f7b-808c-b667701cec32,2024-10-31,791258.72,639.72,77429.25,75312.42
f58ce8a7-1484-41d2-bbfd-a7086e4fef1c,6335bfed-f093-44d0-b4a6-1368304ccfb9,2025-09-09,858877.47,3531.37,69557.67,121640.38
bee81dee-1ada-433d-8ec7-e16666465478,32dabe70-1c28-4863-8356-172616f96c85,2025-09-09,786231.07,0.0,79381.56,67722.23
cf43b375-9a03-41af-9319-79b93172ba9e,384ad31d-da92-40a3-913e-fcd3925c2582,2025-09-09,683157.1,0.0,145413.77,83254.32
5cf322c9-da7d-42bc-931a-c1bdfecba617,9e08e482-6b6e-4a31-8d3f-6359dbaa1d0d,2022-01-26,226464.56,0.0,114432.41,118913.33
2adc8bc5-4ace-4f15-b536-316b9d08f152,9e08e482-6b6e-4a31-8d3f-6359dbaa1d0d,2022-03-14,226464.56,0.0,114432.41,118913.33
100d55c8-6005-47ff-bf7e-c6a170a70578,9e08e482-6b6e-4a31-8d3f-6359dbaa1d0d,2022-04-08,226464.56,0.0,114432.41,118913.33
66c26b28-48a7-4bfa-a63e-457b2b9b21db,3a31fa97-cc0e-4136-8ac4-5e721b03a88f,2022-04-08,286255.54,0.0,190456.16,174200.92
e2c33815-2cbc-46bb-a19a-81230174ccfa,9e08e482-6b6e-4a31-8d3f-6359dbaa1d0d,2022-07-31,226464.56,0.0,114432.41,118913.33
4dbd6db0-03d9-4ff6-ad6d-eada1fc0437a,3a31fa97-cc0e-4136-8ac4-5e721b03a88f,2022-07-31,286255.54,0.0,190456.16,174200.92
bc62b77f-b803-4f4b-8981-e7cae18db9cc,9e08e482-6b6e-4a31-8d3f-6359dbaa1d0d,2023-07-11,226464.56,0.0,114432.41,118913.33
d1b329db-322c-412c-bfcc-d32435afcbd9,3a31fa97-cc0e-4136-8ac4-5e721b03a88f,2023-07-11,286255.54,0.0,190456.16,174200.92
07e8afcf-6f5d-4982-bc1f-538460db0323,9e08e482-6b6e-4a31-8d3f-6359dbaa1d0d,2023-11-21,226464.56,0.0,114432.41,118913.33
7ef06a04-cc8b-42f7-8c88-70be73a0572c,3a31fa97-cc0e-4136-8ac4-5e721b03a88f,2023-11-21,286255.54,0.0,190456.16,174200.92
983943c6-ef39-43d5-8296-9395230d5cef,3a31fa97-cc0e-4136-8ac4-5e721b03a88f,2024-08-17,286255.54,0.0,190456.16,174200.92
cdf42553-99e0-4939-b7f8-d5124a1b294e,3a31fa97-cc0e-4136-8ac4-5e721b03a88f,2025-04-30,286255.54,0.0,190456.16,174200.92
bbfbe9c7-3bda-4d4c-a7e5-92d0e1751f46,3a31fa97-cc0e-4136-8ac4-5e721b03a88f,2025-06-22,286255.54,0.0,190456.16,174200.92
058afffd-1d1b-4ba6-b28f-e4ee4cc5946b,2a0fb08c-1017-47ea-b6ed-ad75844c78ec,2025-10-04,537380.16,0.0,138794.55,127646.85
e88fb84b-2000-41dd-8287-ea909ebaefd8,3a31fa97-cc0e-4136-8ac4-5e721b03a88f,2025-10-04,286255.54,0.0,190456.16,174200.92
ef6bfcb5-38f9-4819-bba4-88a7ca6cea2a,d86391f6-a448-4eeb-a3fb-710b59c5a312,2020-11-06,929879.01,0.0,187449.18,125889.43
b53c8594-d828-4355-b555-c7c8e7beea3b,d86391f6-a448-4eeb-a3fb-710b59c5a312,2020-11-22,929879.01,76.49,187449.18,125889.43
3820c320-3f01-4927-bd71-9a137ab78461,0b76be55-20af-4158-a35f-5adb32d25749,2020-11-22,518900.85,0.0,169693.44,171563.8
9d591e37-1525-4b80-b034-6557ef55a27a,d86391f6-a448-4eeb-a3fb-710b59c5a312,2021-04-05,929879.01,717.12,187449.18,125889.43
9f68a3d9-9f54-4e2c-b321-d9ee23a9475e,0b76be55-20af-4158-a35f-5adb32d25749,2021-04-05,518900.85,617.85,169693.44,171563.8
64b56c98-c35c-47b4-b72b-9201dc05e553,0b76be55-20af-4158-a35f-5adb32d25749,2021-10-02,518900.85,1447.79,169693.44,171563.8
d690bd3b-e3a4-44ef-8200-2a9a9e722978,e83aeeaf-3106-4f55-aa75-c927f39dee01,2022-02-12,552495.03,0.0,197523.37,59519.86
d570eed6-7198-40ab-9bf2-7b9eb625839c,0b76be55-20af-4158-a35f-5adb32d25749,2022-02-12,518900.85,2061.02,169693.44,171563.8
a070b901-8368-4cef-aa29-21117e6bf059,e83aeeaf-3106-4f55-aa75-c927f39dee01,2022-02-17,552495.03,0.0,197523.37,59519.86
16459056-49c3-41e2-b071-f5e5e98721a3,0b76be55-20af-4158-a35f-5adb32d25749,2022-02-17,518900.85,2084.08,169693.44,171563.8
7708c3b5-c8e6-4b0a-a571-4bd04e4095d3,e83aeeaf-3106-4f55-aa75-c927f39dee01,2022-11-30,552495.03,0.0,197523.37,59519.86
17afa58e-095c-45eb-a275-135663f39001,453d005c-33de-4778-bfa1-21a328f3abc1,2022-11-30,977576.28,0.0,157288.59,127583.85
2382cf07-6d86-4e1d-9fd8-fe56089e1295,0b76be55-20af-4158-a35f-5adb32d25749,2022-11-30,518900.85,3402.76,169693.44,171563.8
d68388d9-4e8d-4815-9e46-a78e6aaf6262,e83aeeaf-3106-4f55-aa75-c927f39dee01,2023-01-13,552495.03,0.0,197523.37,59519.86
09f69679-410c-4c5d-a133-119d5820d4f9,453d005c-33de-4778-bfa1-21a328f3abc1,2023-01-13,977576.28,200.51,157288.59,127583.85
58a30c7d-ff2f-433a-9de7-92d7c4b9a295,0b76be55-20af-4158-a35f-5adb32d25749,2023-01-13,518900.85,3605.64,169693.44,171563.8
aad129de-4878-42f9-a472-2e69d22dcd3c,e83aeeaf-3106-4f55-aa75-c927f39dee01,2023-02-27,552495.03,0.0,197523.37,59519.86
75550fd3-8148-4148-890a-9caf933ea4b9,453d005c-33de-4778-bfa1-21a328f3abc1,2023-02-27,977576.28,405.57,157288.59,127583.85
d8b65350-f7da-4712-9d08-ef3cc15ace22,0b76be55-20af-4158-a35f-5adb32d25749,2023-02-27,518900.85,3813.12,169693.44,171563.8
7a7fae75-69ba-4b3a-822e-b628aa497110,e83aeeaf-3106-4f55-aa75-c927f39dee01,2023-11-16,552495.03,0.0,197523.37,59519.86
c199f34f-a674-457f-a675-574612478a13,453d005c-33de-4778-bfa1-21a328f3abc1,2023-11-16,977576.28,1599.49,157288.59,127583.85
bd4eb12b-e4a7-4c9a-8608-67b8172060c6,0b76be55-20af-4158-a35f-5adb32d25749,2023-11-16,518900.85,5021.15,169693.44,171563.8
a9c06dde-f639-4b09-a8f8-ef1ac03ab5cd,e83aeeaf-3106-4f55-aa75-c927f39dee01,2023-11-19,552495.03,0.0,197523.37,59519.86
c9feda93-d59c-4d0d-8bb8-779aff424148,453d005c-33de-4778-bfa1-21a328f3abc1,2023-11-19,977576.28,1613.16,157288.59,127583.85
bea13550-8e6c-43cd-b723-3cc678e9eb77,0b76be55-20af-4158-a35f-5adb32d25749,2023-11-19,518900.85,5034.98,169693.44,171563.8
14275332-f90b-4acb-b1bb-ff4b105e1b64,e83aeeaf-3106-4f55-aa75-c927f39dee01,2024-01-13,552495.03,0.0,197523.37,59519.86
69b25f60-7df3-4207-b025-a7730c7d636c,453d005c-33de-4778-bfa1-21a328f3abc1,2024-01-13,977576.28,1863.8,157288.59,127583.85
b0fae327-48bf-4b23-be57-e0f66d9ed673,0b76be55-20af-4158-a35f-5adb32d25749,2024-01-13,518900.85,5288.57,169693.44,171563.8
0632f7df-22cf-4ae5-aba6-70c145927599,e83aeeaf-3106-4f55-aa75-c927f39dee01,2024-05-02,552495.03,0.0,197523.37,59519.86
902da206-00c9-4d39-a4a3-d63c026d3e1c,453d005c-33de-4778-bfa1-21a328f3abc1,2024-05-02,977576.28,2365.06,157288.59,127583.85
4ac9558d-214f-4710-8763-c925c0f28da1,0b76be55-20af-4158-a35f-5adb32d25749,2024-05-02,518900.85,5795.76,169693.44,171563.8
e16509c8-f0a1-43e8-a5ac-cb89345f9450,e83aeeaf-3106-4f55-aa75-c927f39dee01,2024-05-15,552495.03,0.0,197523.37,59519.86
9ebe2f9a-b155-432e-8cdc-46244871fa25,453d005c-33de-4778-bfa1-21a328f3abc1,2024-05-15,977576.28,2424.3,157288.59,127583.85
69ce13cd-77f9-4aaf-a95d-5e28e3f46386,0b76be55-20af-4158-a35f-5adb32d25749,2024-05-15,518900.85,5855.7,169693.44,171563.8
ae5c7257-4919-48d4-83cd-cbeae16a77f3,2da238b2-b61a-409f-b5f2-9a91c6ff504a,2024-05-15,787331.23,0.0,116755.84,53879.73
fea19400-3bca-42ad-bca0-21accbe523d3,e83aeeaf-3106-4f55-aa75-c927f39dee01,2025-04-30,552495.03,0.0,197523.37,59519.86
e627c61f-2538-4a94-8615-78f6885a89b3,453d005c-33de-4778-bfa1-21a328f3abc1,2025-04-30,977576.28,4019.24,157288.59,127583.85
fe90bab6-1bbf-4d78-bda2-07108087e843,0b76be55-20af-4158-a35f-5adb32d25749,2025-04-30,518900.85,7469.48,169693.44,171563.8
44e1b7e4-102e-4bcd-b1b9-227711091c83,2da238b2-b61a-409f-b5f2-9a91c6ff504a,2025-04-30,787331.23,1062.71,116755.84,53879.73
766c341a-239d-4160-a670-27bc016ade18,e83aeeaf-3106-4f55-aa75-c927f39dee01,2025-09-05,552495.03,0.0,197523.37,59519.86
ca48b5d3-43d8-4fa4-9a81-d8065ddb7458,453d005c-33de-4778-bfa1-21a328f3abc1,2025-09-05,977576.28,4602.53,157288.59,127583.85
67b1fd01-5f3f-4ce7-8ef2-3c715f5a0565,0b76be55-20af-4158-a35f-5adb32d25749,2025-09-05,518900.85,8059.66,169693.44,171563.8
fa78edd0-ca0a-49d8-95b0-0f8634e228d3,2da238b2-b61a-409f-b5f2-9a91c6ff504a,2025-09-05,787331.23,1451.35,116755.84,53879.73
bd6155ab-dc8e-44d8-a2b4-ebf228519c40,e83aeeaf-3106-4f55-aa75-c927f39dee01,2026-01-25,552495.03,0.0,197523.37,59519.86
e05fcea5-6560-481f-a194-348ca81c47a7,453d005c-33de-4778-bfa1-21a328f3abc1,2026-01-25,977576.28,5249.62,157288.59,127583.85
a7a2cefb-a082-4d12-bd4c-0a0d6df32454,0b76be55-20af-4158-a35f-5adb32d25749,2026-01-25,518900.85,8714.39,169693.44,171563.8
f5953324-a066-46bf-9e81-811fd2665a58,2da238b2-b61a-409f-b5f2-9a91c6ff504a,2026-01-25,787331.23,1882.51,116755.84,53879.73
